name,price,store,location,sold,details_link
MORINGA PYRAMID TEA --- Teh Celup Piramid Daun Kelor Organik Premium,Rp35.000,Moringa Organik Indonesia Official,,2rb+ terjual,https://www.tokopedia.com/kelorina/moringa-pyramid-tea-teh-celup-piramid-daun-kelor-organik-premium?extParam=ivf%3Dtrue%26keyword%3Dmoringa&src=topads
"Herbana Relief Sari Daun Kelor Moringa Sumber Nutrisi, Vitamin- 30 Kapsul",Rp70.000,HERBANA,,750+ terjual,https://www.tokopedia.com/herbana/herbana-relief-sari-daun-kelor-moringa-sumber-nutrisi-vitamin-30-kapsul?extParam=ivf%3Dfalse%26keyword%3Dmoringa&src=topads
"Herbana Relief Sari Powder Daun Kelor Moringa Sumber Nutrisi, Vitamin- Isi 30 Sachet @4g",Rp149.000,HERBANA,Tangerang,90+ terjual,https://www.tokopedia.com/herbana/herbana-relief-sari-powder-daun-kelor-moringa-sumber-nutrisi-vitamin-isi-30-sachet-4g?extParam=ivf%3Dfalse%26keyword%3Dmoringa&src=topads
Daun Kelor Bubuk / Moringa Powder Premium Original Nutrione,Rp59.500,NutriOneID,Jakarta Utara,1rb+ terjual,https://www.tokopedia.com/nutrioneid/daun-kelor-bubuk-moringa-powder-premium-original-nutrione?extParam=ivf%3Dfalse%26keyword%3Dmoringa&src=topads
"Naturebell Moringa Oleifera 8,000mg - 240 Capsules-Non-GMO,Gluten Free",Rp650.000,heavenlyvitamin,Jakarta Barat,60+ terjual,https://www.tokopedia.com/heavenlyvitamin/naturebell-moringa-oleifera-8-000mg-240-capsules-non-gmo-gluten-free?extParam=ivf%3Dfalse%26keyword%3Dmoringa&src=topads
Dari Bumi Moricle Moringa Latte Minuman Bubuk Kelor Latte 200 Gram,Rp37.000,daribumiofficial,Jakarta Barat,100+ terjual,https://www.tokopedia.com/daribumiofc/dari-bumi-moricle-moringa-latte-minuman-bubuk-kelor-latte-200-gram?extParam=ivf%3Dtrue%26keyword%3Dmoringa%26search_id%3D20250308182847AD077EC5A068CB0CA4BS%26src%3Dsearch
Daun Kelor Moringa Bubuk Organik Premium Galleo,Rp24.900,GALLEO Official Shop,Jakarta Utara,500+ terjual,https://www.tokopedia.com/galleo/daun-kelor-moringa-bubuk-organik-premium-galleo-jar-m-2aa66?extParam=ivf%3Dfalse%26keyword%3Dmoringa%26search_id%3D20250308182847AD077EC5A068CB0CA4BS%26src%3Dsearch
MORINGA PYRAMID TEA --- Teh Celup Piramid Daun Kelor Organik Premium,Rp35.000,Moringa Organik Indonesia Official,Kab. Blora,2rb+ terjual,https://www.tokopedia.com/kelorina/moringa-pyramid-tea-teh-celup-piramid-daun-kelor-organik-premium?extParam=ivf%3Dtrue%26keyword%3Dmoringa%26search_id%3D20250308182847AD077EC5A068CB0CA4BS%26src%3Dsearch
Moringa Powder 350 gram Bubuk Daun Kelor Authentic Safiya Food,Rp33.990,Safiya Food Official,Jakarta Barat,1rb+ terjual,https://www.tokopedia.com/safiyafood/moringa-powder-350-gram-bubuk-daun-kelor-authentic-safiya-food?extParam=ivf%3Dtrue%26keyword%3Dmoringa%26search_id%3D20250308182847AD077EC5A068CB0CA4BS%26src%3Dsearch
Bubuk Daun Kelor Organik / Organic Moringa Powder - 250g,Rp49.000,Nilaya Official Store,Denpasar,1rb+ terjual,https://www.tokopedia.com/nilaya-co/bubuk-daun-kelor-organik-organic-moringa-powder-250g?extParam=ivf%3Dfalse%26keyword%3Dmoringa%26search_id%3D20250308182847AD077EC5A068CB0CA4BS%26src%3Dsearch
KELORINA - ROYAL MORINGA POWDER - Tepung Daun Kelor halus Mesh2,Rp85.000,Moringa Organik Indonesia Official,Kab. Blora,250+ terjual,https://www.tokopedia.com/kelorina/kelorina-royal-moringa-powder-tepung-daun-kelor-halus-mesh2-250-gram-e6b25?extParam=ivf%3Dfalse%26keyword%3Dmoringa&src=topads
Moringa Series (Paket Daun Kelor),Rp95.000,LHI Official,Bogor,7 terjual,https://www.tokopedia.com/lhiofficial/moringa-series-paket-daun-kelor?extParam=ivf%3Dfalse%26keyword%3Dmoringa&src=topads
KELORINA - ROYAL MORINGA POWDER - Tepung Daun Kelor halus Mesh1,Rp85.000,Moringa Organik Indonesia Official,Kab. Blora,750+ terjual,https://www.tokopedia.com/kelorina/kelorina-royal-moringa-powder-tepung-daun-kelor-halus-mesh1-250-gram-9ff28?extParam=ivf%3Dtrue%26keyword%3Dmoringa&src=topads
MORINGA TEA - TEH DAUN KELOR ISI 30 TEA BAG,Rp21.000,elif Tea & Tisane,Kab. Cirebon,2rb+ terjual,https://www.tokopedia.com/eliftea/moringa-tea-teh-daun-kelor-isi-30-tea-bag-pure-moringa?extParam=ivf%3Dtrue%26keyword%3Dmoringa&src=topads
Beorganik Moringa Powder / Bubuk Daun Kelor Organik 50gr,Rp11.000,Beorganik Store,Jakarta Barat,2rb+ terjual,https://www.tokopedia.com/beorganik/beorganik-moringa-powder-bubuk-daun-kelor-organik-50gr?extParam=ivf%3Dfalse%26keyword%3Dmoringa&src=topads
Flozindo Moringa Tea / Teh Daun Kelor Organik,Rp12.393,Flozindo,Kab. Banyumas,750+ terjual,https://www.tokopedia.com/flozindo/flozindo-moringa-tea-teh-daun-kelor-organik-pack-45gr-319e5?extParam=ivf%3Dtrue%26keyword%3Dmoringa%26search_id%3D20250308182847AD077EC5A068CB0CA4BS%26src%3Dsearch
SOAPILY Binahong Moringa Soap Sabun Alami Kelor Kulit Jerawat Natural,Rp18.000,Soapily Naturals,Kab. Tangerang,100+ terjual,https://www.tokopedia.com/soapilyid/soapily-binahong-moringa-soap-sabun-alami-kelor-kulit-jerawat-natural-half-45-55-g-ccaa3?extParam=ivf%3Dfalse%26keyword%3Dmoringa%26search_id%3D20250308182847AD077EC5A068CB0CA4BS%26src%3Dsearch
Natur Hair Conditioner Gingseng - Olive Oil - Moringa 165ML,Rp24.500,Mega Beauty Fashindo,Kab. Tangerang,2rb+ terjual,https://www.tokopedia.com/megabeautyf/natur-hair-conditioner-gingseng-olive-oil-moringa-165ml-cond-argan-oil-0a9dd?extParam=ivf%3Dfalse%26keyword%3Dmoringa%26search_id%3D20250308182847AD077EC5A068CB0CA4BS%26src%3Dsearch
KELORINA - ROYAL MORINGA POWDER - Tepung Daun Kelor halus Mesh1,Rp85.000,Moringa Organik Indonesia Official,Kab. Blora,750+ terjual,https://www.tokopedia.com/kelorina/kelorina-royal-moringa-powder-tepung-daun-kelor-halus-mesh1-250-gram-9ff28?extParam=ivf%3Dtrue%26keyword%3Dmoringa%26search_id%3D20250308182847AD077EC5A068CB0CA4BS%26src%3Dsearch
KUNDAL Honey & Macadamia Shampoo Acacia Moringa Made in Korea,Rp119.000,Kundal Official,Kab. Bekasi,2rb+ terjual,https://www.tokopedia.com/kundalofficial/kundal-honey-macadamia-shampoo-acacia-moringa-made-in-korea?extParam=cmp%3D1%26ivf%3Dtrue%26keyword%3Dmoringa%26search_id%3D20250308182847AD077EC5A068CB0CA4BS%26src%3Dsearch
Dari Bumi Daun Kelor Moringa Bubuk Premium Pure Organic,Rp45.000,Nisyasa Store,Kab. Batang,24 terjual,https://www.tokopedia.com/nisyasastore/dari-bumi-daun-kelor-moringa-bubuk-premium-pure-organic-450gram-e486f?extParam=ivf%3Dfalse%26keyword%3Dmoringa%26search_id%3D20250308182847AD077EC5A068CB0CA4BS%26src%3Dsearch
Bubuk kelor moringa murni 1kg,Rp6.900,GROSIR HERBAL CURAH,Kab. Bogor,250+ terjual,https://www.tokopedia.com/grosir-herbal-curah/bubuk-kelor-moringa-murni-1kg-100-gram?extParam=ivf%3Dfalse%26keyword%3Dmoringa%26search_id%3D20250308182847AD077EC5A068CB0CA4BS%26src%3Dsearch
Bubuk Daun Kelor Organik 250 gr Powder Moringa Original Safiya Herbal,Rp24.500,Hannah Store Official,Jakarta Barat,1rb+ terjual,https://www.tokopedia.com/hannahstoreofficial/bubuk-daun-kelor-organik-250-gr-powder-moringa-original-safiya-herbal?extParam=ivf%3Dfalse%26keyword%3Dmoringa%26search_id%3D20250308182847AD077EC5A068CB0CA4BS%26src%3Dsearch
Flozindo Moringa Powder / Daun Kelor Bubuk,Rp17.093,Flozindo,Kab. Banyumas,1rb+ terjual,https://www.tokopedia.com/flozindo/flozindo-moringa-powder-daun-kelor-bubuk-slim-108gr-6bd07?extParam=ivf%3Dtrue%26keyword%3Dmoringa%26search_id%3D20250308182847AD077EC5A068CB0CA4BS%26src%3Dsearch
SIDOMUNCUL SARI DAUN KELOR 50' MORINGA OLEIFERA SIDO MUNCUL D.KELOR,Rp70.896,Toko obat palembang,Bandung,750+ terjual,https://www.tokopedia.com/topalembang/sidomuncul-sari-daun-kelor-50-moringa-oleifera-sido-muncul-d-kelor?extParam=ivf%3Dfalse%26keyword%3Dmoringa%26search_id%3D20250308182847AD077EC5A068CB0CA4BS%26src%3Dsearch
Herbal Essences Shampoo Bio Renew Golden Moringa 400 ml,Rp110.000,P&G Official Store,Jakarta Timur,2rb+ terjual,https://www.tokopedia.com/pgofficialstore/herbal-essences-shampoo-bio-renew-golden-moringa-400-ml?extParam=ivf%3Dfalse%26keyword%3Dmoringa&src=topads
Moringa Liza Herbal Green Tea Celup Untuk Kekebalan Tubuh,Rp35.000,LHI Official,Bogor,2 terjual,https://www.tokopedia.com/lhiofficial/moringa-liza-herbal-green-tea-celup-untuk-kekebalan-tubuh?extParam=ivf%3Dfalse%26keyword%3Dmoringa&src=topads
Pure Organic Moringa Oil Minyak Kelor Murni 20mL,Rp49.000,fortune oke,Jakarta Selatan,100+ terjual,https://www.tokopedia.com/fortuneoke/pure-organic-moringa-oil-minyak-kelor-murni-20ml?extParam=ivf%3Dfalse%26keyword%3Dmoringa&src=topads
[BUY 1 GET 1] Moringa-Infused Collagen Drink 1 Box (12 SACHETS X 2 Box),Rp320.000,Elora Beauty Store,Jakarta Barat,23 terjual,https://www.tokopedia.com/elorabeauty/buy-1-get-1-moringa-infused-collagen-drink-1-box-12-sachets-x-2-box?extParam=ivf%3Dfalse%26keyword%3Dmoringa&src=topads
NATURELINE MORINGA 60 TABLET / SUPLEMEN KESEHATAN / KIMIA FARMA,Rp265.290,Kimia Farma Apotek Bodetabek,Jakarta Pusat,1 terjual,https://www.tokopedia.com/kimiafarmabodetabek/natureline-moringa-60-tablet-suplemen-kesehatan-kimia-farma?extParam=ivf%3Dfalse%26keyword%3Dmoringa%26whid%3D16728087&src=topads
Daun Kelor Bubuk / Moringa Powder Premium Original Nutrione,Rp59.500,NutriOneID,Jakarta Utara,1rb+ terjual,https://www.tokopedia.com/nutrioneid/daun-kelor-bubuk-moringa-powder-premium-original-nutrione?extParam=ivf%3Dfalse%26keyword%3Dmoringa%26search_id%3D20250308182847AD077EC5A068CB0CA4BS%26src%3Dsearch
Safiya Moringa Latte Bubuk Minuman Daun Kelor 200 Gram,Rp28.990,Safiya Food Official,Jakarta Barat,50+ terjual,https://www.tokopedia.com/safiyafood/safiya-moringa-latte-bubuk-minuman-daun-kelor-200-gram?extParam=ivf%3Dtrue%26keyword%3Dmoringa%26search_id%3D20250308182847AD077EC5A068CB0CA4BS%26src%3Dsearch
Beorganik Moringa Powder / Bubuk Daun Kelor Organik 50gr,Rp11.000,Beorganik Store,Jakarta Barat,2rb+ terjual,https://www.tokopedia.com/beorganik/beorganik-moringa-powder-bubuk-daun-kelor-organik-50gr?extParam=ivf%3Dfalse%26keyword%3Dmoringa%26search_id%3D20250308182847AD077EC5A068CB0CA4BS%26src%3Dsearch
KUNDAL Honey & Macadamia Pure Body Wash Acacia Moringa (Made in Korea),Rp119.000,Kundal Official,Kab. Bekasi,750+ terjual,https://www.tokopedia.com/kundalofficial/kundal-honey-macadamia-pure-body-wash-acacia-moringa-made-in-korea?extParam=ivf%3Dtrue%26keyword%3Dmoringa%26search_id%3D20250308182847AD077EC5A068CB0CA4BS%26src%3Dsearch
Daun Kelor Bubuk / Organic Moringa Powder,Rp12.000,Essenli Official Shop,Semarang,100+ terjual,https://www.tokopedia.com/essenliofficial/daun-kelor-bubuk-organic-moringa-powder-1730794984019428966?extParam=ivf%3Dtrue%26keyword%3Dmoringa%26search_id%3D20250308182847AD077EC5A068CB0CA4BS%26src%3Dsearch
Pro Moringa BPOM baru Ekstrak Daun Kelor Ash Shihhah 50 kapsul,Rp18.500,Musyaffa Herbal,,100+ terjual,https://www.tokopedia.com/musyaffaherbal/pro-moringa-bpom-baru-ekstrak-daun-kelor-ash-shihhah-50-kapsul?extParam=ivf%3Dfalse%26keyword%3Dmoringa%26search_id%3D20250308182847AD077EC5A068CB0CA4BS%26src%3Dsearch
Moringa Oleifera 180 Kapsul Naturama Bubuk Daun Kelor Organik,Rp172.500,Naturama Store,Jakarta Selatan,1rb+ terjual,https://www.tokopedia.com/naturama/moringa-oleifera-180-kapsul-naturama-bubuk-daun-kelor-organik?extParam=ivf%3Dfalse%26keyword%3Dmoringa%26search_id%3D20250308182847AD077EC5A068CB0CA4BS%26src%3Dsearch
Pome Optimun Elderberry & Moringa Gummy - 60 Butir,Rp149.000,Beeru Official Store,Tangerang Selatan,100+ terjual,https://www.tokopedia.com/beeruindonesia/pome-optimun-elderberry-moringa-gummy-60-butir?extParam=ivf%3Dfalse%26keyword%3Dmoringa%26search_id%3D20250308182847AD077EC5A068CB0CA4BS%26src%3Dsearch
Teh kelor organik (Moringa Drip Tea),Rp71.346,La Moringa Indonesia,Jakarta Selatan,1rb+ terjual,https://www.tokopedia.com/lamoringa/teh-kelor-organik-moringa-drip-tea-original-abf81?extParam=ivf%3Dfalse%26keyword%3Dmoringa%26search_id%3D20250308182847AD077EC5A068CB0CA4BS%26src%3Dsearch
DARI BUMI Daun Kelor Moringa Bubuk Original Premium,Rp43.000,NutriBite,Surabaya,50+ terjual,https://www.tokopedia.com/nutribite/dari-bumi-daun-kelor-moringa-bubuk-original-premium?extParam=ivf%3Dfalse%26keyword%3Dmoringa%26search_id%3D20250308182847AD077EC5A068CB0CA4BS%26src%3Dsearch
Daun Kelor Kapsul Reg BPOM.TR Ekstrak Murni / Moringa Oleifera Kapsul,Rp95.000,INDO PROSMART,Kab. Bandung,100+ terjual,https://www.tokopedia.com/indoprosmart/daun-kelor-kapsul-reg-bpom-tr-ekstrak-murni-moringa-oleifera-kapsul-1-botol?extParam=ivf%3Dfalse%26keyword%3Dmoringa&src=topads
Herbal Essences Sampo + Kondisioner Repair Moringa Oil 400ml,Rp195.300,P&G Official Store,Jakarta Timur,1rb+ terjual,https://www.tokopedia.com/pgofficialstore/herbal-essences-sampo-kondisioner-repair-moringa-oil-400ml?extParam=ivf%3Dfalse%26keyword%3Dmoringa&src=topads
Moringa Powder 350 gram Bubuk Daun Kelor Authentic Safiya Food,Rp33.990,Safiya Food Official,Jakarta Barat,1rb+ terjual,https://www.tokopedia.com/safiyafood/moringa-powder-350-gram-bubuk-daun-kelor-authentic-safiya-food?extParam=ivf%3Dtrue%26keyword%3Dmoringa&src=topads
Flozindo Moringa Powder / Daun Kelor Bubuk,Rp17.093,Flozindo,Kab. Banyumas,1rb+ terjual,https://www.tokopedia.com/flozindo/flozindo-moringa-powder-daun-kelor-bubuk-slim-108gr-6bd07?extParam=ivf%3Dtrue%26keyword%3Dmoringa&src=topads
Bleuherbz Moringa Oleifera Pure Extract Green Superfood Original 100%,Rp55.000,Bleuherbz Natural,Jakarta Barat,100+ terjual,https://www.tokopedia.com/bleuherbznatural/bleuherbz-moringa-oleifera-pure-extract-green-superfood-original-100?extParam=cmp%3D1%26ivf%3Dfalse%26keyword%3Dmoringa&src=topads
3 BOX - Susu ETAWANESIA + EKSTRAK MORINGA FOLIUM Solusi Nafas & Tulang,Rp218.000,Etawanesia Official,Kab. Tangerang,100+ terjual,https://www.tokopedia.com/etawanesiaofficial/3-box-susu-etawanesia-ekstrak-moringa-folium-solusi-nafas-tulang?extParam=ivf%3Dfalse%26keyword%3Dmoringa%26search_id%3D20250308182847AD077EC5A068CB0CA4BS%26src%3Dsearch
Terbaru Kelor Africa MORINGA 3-4-5-6 METER,Rp9.500.000,Landscape_Garden,Kab. Bogor,4 terjual,https://www.tokopedia.com/landscapegarden/terbaru-kelor-africa-moringa-3-4-5-6-meter?extParam=ivf%3Dfalse%26keyword%3Dmoringa%26search_id%3D20250308182847AD077EC5A068CB0CA4BS%26src%3Dsearch
Moringa Super - Drink Tinggi Protein 1 Box (12 Sachet) | Susu Sereal Rasa Cokelat | Minuman Whey Protein | Minuman Soy & Oat Rasa Dark Chocolate | Minuman Sehat Jaga Imun | Minuman Sehat Untuk Sarapan | Meal Replacement,Rp213.000,Elora Beauty Store,Jakarta Barat,1rb+ terjual,https://www.tokopedia.com/elorabeauty/moringa-super-drink-tinggi-protein-1-box-12-sachet-susu-sereal-rasa-cokelat-minuman-whey-protein-minuman-soy-oat-rasa-dark-chocolate-minuman-sehat-jaga-imun-minuman-sehat-untuk-sarapan-meal-replacement-1729583363567421717?extParam=ivf%3Dfalse%26keyword%3Dmoringa%26search_id%3D20250308182847AD077EC5A068CB0CA4BS%26src%3Dsearch
Natur Hair Conditioner 165ml Gingseng | Aloe Vera | Moringa,Rp31.912,AYUCOSMETICS,Bekasi,100+ terjual,https://www.tokopedia.com/ayucosmetics-1/natur-hair-conditioner-165ml-gingseng-aloe-vera-moringa-argan-oil-52c6b?extParam=ivf%3Dfalse%26keyword%3Dmoringa%26search_id%3D20250308182847AD077EC5A068CB0CA4BS%26src%3Dsearch
Biji Kelor Kupas Moringa Obat Herbal Diabetes Jantung Hipertensi,Rp12.000,Morifa Official,Jakarta Barat,500+ terjual,https://www.tokopedia.com/morifa-official/biji-kelor-kupas-moringa-obat-herbal-diabetes-jantung-hipertensi-50gr?extParam=ivf%3Dfalse%26keyword%3Dmoringa%26search_id%3D20250308182847AD077EC5A068CB0CA4BS%26src%3Dsearch
DAUN KELOR 500 GRAM KERING PREMIUM / DAUN MORINGA,Rp12.000,Rempah Bu Risma,Kab. Bekasi,500+ terjual,https://www.tokopedia.com/rempahburisma/daun-kelor-500-gram-kering-premium-daun-moringa-50-gram-015ac?extParam=ivf%3Dfalse%26keyword%3Dmoringa%26search_id%3D20250308182847AD077EC5A068CB0CA4BS%26src%3Dsearch
Xemenry Organic Moringa 100% Pure 1000mg 120Capsules,Rp250.000,Official Glucoactive,Jakarta Barat,27 terjual,https://www.tokopedia.com/officialglucoactive/xemenry-organic-moringa-100-pure-1000mg-120capsules?extParam=ivf%3Dfalse%26keyword%3Dmoringa%26search_id%3D20250308182847AD077EC5A068CB0CA4BS%26src%3Dsearch
Kapsul Daun Kelor Moringa - Kapsul Kelor Curah Tanpa Penanda,Rp375.000,Moringa Organik Indonesia Official,Kab. Blora,10rb+ terjual,https://www.tokopedia.com/kelorina/kapsul-daun-kelor-moringa-kapsul-kelor-curah-tanpa-penanda?extParam=ivf%3Dfalse%26keyword%3Dmoringa%26search_id%3D20250308182847AD077EC5A068CB0CA4BS%26src%3Dsearch
KUNDAL Moisture Body Lotion Acacia Moringa 500ml,Rp129.000,Kundal Official,Kab. Bekasi,500+ terjual,https://www.tokopedia.com/kundalofficial/kundal-moisture-body-lotion-acacia-moringa-500ml?extParam=ivf%3Dtrue%26keyword%3Dmoringa%26search_id%3D20250308182847AD077EC5A068CB0CA4BS%26src%3Dsearch
Bibit pohon moringa /  pohon kelor afrika,Rp250.000,Nuansa Taman Baru16,Kab. Bogor,11 terjual,https://www.tokopedia.com/nuansatamanbaru16/bibit-pohon-moringa-pohon-kelor-afrika?extParam=ivf%3Dfalse%26keyword%3Dmoringa%26search_id%3D20250308182847AD077EC5A068CB0CA4BS%26src%3Dsearch
Dari Bumi Paket Bundling Daun Kelor Bubuk Moringa 400 Gram Dan Madu Murni Akasia 350 Gram Raw Honey Asli,Rp75.000,daribumiofficial,Jakarta Barat,500+ terjual,https://www.tokopedia.com/daribumiofc/dari-bumi-paket-bundling-daun-kelor-bubuk-moringa-400-gram-dan-madu-murni-akasia-350-gram-raw-honey-asli?extParam=ivf%3Dfalse%26keyword%3Dmoringa%26search_id%3D20250308182847AD077EC5A068CB0CA4BS%26src%3Dsearch
Herbilogy Moringa (Daun kelor) Extract Powder - 100g,Rp117.000,Herbilogy,Kab. Bogor,500+ terjual,https://www.tokopedia.com/herbilogy/herbilogy-moringa-daun-kelor-extract-powder-100g-2f11?extParam=ivf%3Dfalse%26keyword%3Dmoringa%26search_id%3D20250308182847AD077EC5A068CB0CA4BS%26src%3Dsearch
SIDOMUNCUL DAUN KELOR ISI 50 KAPSUL MORINGA OLEIFERA,Rp73.850,GogoMeds,Bandung,100+ terjual,https://www.tokopedia.com/gogomeds/sidomuncul-daun-kelor-isi-50-kapsul-moringa-oleifera?extParam=ivf%3Dfalse%26keyword%3Dmoringa%26search_id%3D20250308182847AD077EC5A068CB0CA4BS%26src%3Dsearch
Ekstrak Daun Kelor / Moringa Oleifera (Isi : 100 Kapsul) Obat Herbal,Rp19.500,PBU OLSHOP,Kab. Serang,750+ terjual,https://www.tokopedia.com/pbuolshop/ekstrak-daun-kelor-moringa-oleifera-isi-100-kapsul-obat-herbal?extParam=ivf%3Dfalse%26keyword%3Dmoringa%26search_id%3D20250308182847AD077EC5A068CB0CA4BS%26src%3Dsearch
daun kelor kering moringa oliefera,Rp8.999,mishellashop,Jakarta Utara,1rb+ terjual,https://www.tokopedia.com/mishellashop/daun-kelor-kering-moringa-oliefera-daun-kelor-6fc04?extParam=ivf%3Dfalse%26keyword%3Dmoringa%26search_id%3D20250308182847AD077EC5A068CB0CA4BS%26src%3Dsearch
The Body Shop Moringa Hair Mist 100ml,Rp269.000,The Body Shop Indonesia,Tangerang Selatan,250+ terjual,https://www.tokopedia.com/tbs-official/the-body-shop-moringa-hair-mist-100ml?extParam=ivf%3Dfalse%26keyword%3Dmoringa%26search_id%3D20250308182847AD077EC5A068CB0CA4BS%26src%3Dsearch
benih DAUN KELOR moringa oleivera unggul berkualitas siap tanam,Rp1.000,Amanjaya_Store,Kab. Bandung,250+ terjual,https://www.tokopedia.com/amanjayastore-2/benih-daun-kelor-moringa-oleivera-unggul-berkualitas-siap-tanam?extParam=ivf%3Dfalse%26keyword%3Dmoringa%26search_id%3D20250308182847AD077EC5A068CB0CA4BS%26src%3Dsearch
Flozindo Moringa Seeds / Biji Kelor Organik,Rp46.301,Flozindo,Kab. Banyumas,500+ terjual,https://www.tokopedia.com/flozindo/flozindo-moringa-seeds-biji-kelor-organik-sayap-500gr-435c7?extParam=ivf%3Dtrue%26keyword%3Dmoringa%26search_id%3D20250308182847AD077EC5A068CB0CA4BS%26src%3Dsearch
Flozindo Moringa Powder / Daun Kelor Bubuk Organik Superfood Alami Kaya Nutrisi,Rp17.093,Flozindo,Kab. Banyumas,1rb+ terjual,https://www.tokopedia.com/flozindo/flozindo-moringa-powder-daun-kelor-bubuk-organik-superfood-alami-kaya-nutrisi-slim-108gr-29f6a?extParam=ivf%3Dtrue%26keyword%3Dmoringa%26search_id%3D20250308182847AD077EC5A068CB0CA4BS%26src%3Dsearch
10 TEA BAG - MORINGA TEA ASI BOOSTER | FLOWER TEA SIAP SEDUH,Rp6.900,Seduh Pertama,Kab. Bekasi,250+ terjual,https://www.tokopedia.com/tavishamahadana/10-tea-bag-moringa-tea-asi-booster-flower-tea-siap-seduh?extParam=ivf%3Dtrue%26keyword%3Dmoringa%26search_id%3D20250308182847AD077EC5A068CB0CA4BS%26src%3Dsearch
The Body Shop New Moringa Body Mist 100ml,Rp169.000,The Body Shop Indonesia,,3rb+ terjual,https://www.tokopedia.com/tbs-official/the-body-shop-new-moringa-body-mist-100ml?extParam=ivf%3Dfalse%26keyword%3Dmoringa%26search_id%3D20250308182847AD077EC5A068CB0CA4BS%26src%3Dsearch
Teh celup daun kelor MORINGA,Rp15.000,Al-fazza Herbal,Kab. Magelang,1rb+ terjual,https://www.tokopedia.com/al-fazzaherbal/teh-celup-daun-kelor-moringa?extParam=ivf%3Dfalse%26keyword%3Dmoringa%26search_id%3D20250308182847AD077EC5A068CB0CA4BS%26src%3Dsearch
Moringa Kapsul Daun Kelor Naturama Premium Organik,Rp288.500,Naturama Store,Jakarta Selatan,100+ terjual,https://www.tokopedia.com/naturama/moringa-kapsul-daun-kelor-naturama-premium-organik?extParam=ivf%3Dfalse%26keyword%3Dmoringa%26search_id%3D20250308182847AD077EC5A068CB0CA4BS%26src%3Dsearch
pohon moringa,Rp35.000.000,novel flora,Kab. Bogor,,https://www.tokopedia.com/novelflora/pohon-moringa?extParam=ivf%3Dfalse%26keyword%3Dmoringa%26search_id%3D20250308182847AD077EC5A068CB0CA4BS%26src%3Dsearch
100gr Daun Kelor Bubuk / Ground Moringa / Rempah / JSR 100% PREMIUM,Rp13.900,Cap Sahabat,Bandung,250+ terjual,https://www.tokopedia.com/capsahabat/100gr-daun-kelor-bubuk-ground-moringa-rempah-jsr-100-premium?extParam=ivf%3Dfalse%26keyword%3Dmoringa%26search_id%3D20250308182847AD077EC5A068CB0CA4BS%26src%3Dsearch
Sample Pack HERBAL TISANE Series A - Moringa Lemon Orange Pandan tea,Rp1.950,Seduh Tea & Tisane,Kab. Bekasi,1rb+ terjual,https://www.tokopedia.com/seduhtisane/sample-pack-herbal-tisane-series-a-moringa-lemon-orange-pandan-tea-coffee-cascara?extParam=ivf%3Dfalse%26keyword%3Dmoringa%26search_id%3D20250308182847AD077EC5A068CB0CA4BS%26src%3Dsearch
Daun Kelor Bubuk Murni Moringa Powder Herbal Original Super Food,Rp8.900,Batavia Herbal Shop,Jakarta Pusat,2rb+ terjual,https://www.tokopedia.com/bataviaherbalshop/daun-kelor-bubuk-murni-moringa-powder-herbal-original-super-food?extParam=ivf%3Dfalse%26keyword%3Dmoringa%26search_id%3D20250308182847AD077EC5A068CB0CA4BS%26src%3Dsearch
Daun Kelor Kering / Dried Moringa Leaf / Teh Daun Kelor,Rp12.000,Essenli Official Shop,Semarang,100+ terjual,https://www.tokopedia.com/essenliofficial/daun-kelor-kering-dried-moringa-leaf-teh-daun-kelor?extParam=cmp%3D1%26ivf%3Dfalse%26keyword%3Dmoringa%26search_id%3D20250308182847AD077EC5A068CB0CA4BS%26src%3Dsearch
Natur Shampoo Moringa & Sweet Almond Oil,Rp30.062,Natur,Jakarta Timur,750+ terjual,https://www.tokopedia.com/backtonatur/natur-shampoo-moringa-sweet-almond-oil?extParam=ivf%3Dfalse%26keyword%3Dmoringa%26search_id%3D20250308182847AD077EC5A068CB0CA4BS%26src%3Dsearch%26whid%3D364279
"Organic Moringa Leaf Powder, Original Microingredients Isi 102 Grams",Rp167.500,Gerai Toko Herbal,Surabaya,40+ terjual,https://www.tokopedia.com/geraitokoherbal/organic-moringa-leaf-powder-original-microingredients-isi-102-grams?extParam=ivf%3Dfalse%26keyword%3Dmoringa%26search_id%3D20250308182847AD077EC5A068CB0CA4BS%26src%3Dsearch
MORINGA TEA - TEH DAUN KELOR ISI 30 TEA BAG,Rp21.000,elif Tea & Tisane,Kab. Cirebon,2rb+ terjual,https://www.tokopedia.com/eliftea/moringa-tea-teh-daun-kelor-isi-30-tea-bag-pure-moringa?extParam=ivf%3Dfalse%26keyword%3Dmoringa%26search_id%3D20250308182847AD077EC5A068CB0CA4BS%26src%3Dsearch
JUAL DAUN KELOR KERING PREMIUM/TEH KELOR/MORINGA TEA 500 GRAM,Rp33.500,ROSELLAKU,Surabaya,1rb+ terjual,https://www.tokopedia.com/jualtehrosella/jual-daun-kelor-kering-premium-teh-kelor-moringa-tea-500-gram?extParam=ivf%3Dfalse%26keyword%3Dmoringa%26search_id%3D20250308182847AD077EC5A068CB0CA4BS%26src%3Dsearch
Moringa Oleifera - Ekstrak Daun Kelor 100 KAPSUL,Rp80.000,D'herbalist,Jakarta Selatan,250+ terjual,https://www.tokopedia.com/dherbalist/moringa-oleifera-ekstrak-daun-kelor-100-kapsul-botol-100-kaps-5035b?extParam=ivf%3Dfalse%26keyword%3Dmoringa%26search_id%3D20250308182847AD077EC5A068CB0CA4BS%26src%3Dsearch
"KAPSUL DAUN KELOR ORGANIK, MORINGA LEAF ORGANIC CAPSULE (LAB COA 2021)",Rp60.000,MORINGA LIVING OFFICIAL STORE,Jakarta Barat,250+ terjual,https://www.tokopedia.com/moringaliving/kapsul-daun-kelor-organik-moringa-leaf-organic-capsule-lab-coa-2021-60kapsul?extParam=ivf%3Dfalse%26keyword%3Dmoringa%26search_id%3D20250308182847AD077EC5A068CB0CA4BS%26src%3Dsearch
Daun Kelor Dari Bumi 400 gram - Produk Moringa Original DARI BUMI,Rp46.500,Kurma Alif Bandung,Bandung,100+ terjual,https://www.tokopedia.com/kurmaalifbandung/daun-kelor-dari-bumi-400-gram-produk-moringa-original-dari-bumi?extParam=ivf%3Dfalse%26keyword%3Dmoringa%26search_id%3D20250308182847AD077EC5A068CB0CA4BS%26src%3Dsearch
Moringa Oleifera Complex 200 Capsules Forestry Kapsul Daun dan Biji Kelor,Rp178.500,Forestry Official,Depok,,https://www.tokopedia.com/forestry/moringa-oleifera-complex-200-capsules-forestry-kapsul-daun-dan-biji-kelor-1730978738067900389?extParam=ivf%3Dfalse%26keyword%3Dmoringa&src=topads
Natur Shampoo Moringa & Sweet Almond Oil,Rp30.062,Natur,Jakarta Timur,750+ terjual,https://www.tokopedia.com/backtonatur/natur-shampoo-moringa-sweet-almond-oil?extParam=ivf%3Dfalse%26keyword%3Dmoringa%26whid%3D364279&src=topads
Jamu Tetes Herbal M King Moringa Jaga Kesehatan 20 ml Original,Rp244.999,Herbal Kembang Desa,Kab. Kediri,,https://www.tokopedia.com/herbalkembangdesa/jamu-tetes-herbal-m-king-moringa-jaga-kesehatan-20-ml-original?extParam=ivf%3Dtrue%26keyword%3Dmoringa&src=topads
Flozindo Moringa Tea / Teh Daun Kelor Organik,Rp12.393,Flozindo,Kab. Banyumas,750+ terjual,https://www.tokopedia.com/flozindo/flozindo-moringa-tea-teh-daun-kelor-organik-pack-45gr-319e5?extParam=ivf%3Dtrue%26keyword%3Dmoringa&src=topads
Bubuk Daun Kelor Organik / Organic Moringa Powder - 250g,Rp49.000,Nilaya Official Store,Denpasar,1rb+ terjual,https://www.tokopedia.com/nilaya-co/bubuk-daun-kelor-organik-organic-moringa-powder-250g?extParam=ivf%3Dfalse%26keyword%3Dmoringa&src=topads
Bubuk Daun Kelor Organik / Organic Moringa Powder - 250g,Rp49.000,Nilaya Official Store,Denpasar,1rb+ terjual,https://www.tokopedia.com/nilaya-co/bubuk-daun-kelor-organik-organic-moringa-powder-250g?extParam=ivf%3Dfalse%26keyword%3Dmoringa&src=topads
Flozindo Moringa Seeds / Biji Kelor Organik Kwalitas Export,Rp18.905,Flozindo,Kab. Banyumas,250+ terjual,https://www.tokopedia.com/flozindo/flozindo-moringa-seeds-biji-kelor-organik-kwalitas-export-100gr-fd370?extParam=ivf%3Dfalse%26keyword%3Dmoringa&src=topads
Pill Moringa Root - Pil Akar Kelor Primitiva Herbal & Food Supplement,Rp220.000,Primitiva Shop Bali,Kab. Badung,4 terjual,https://www.tokopedia.com/primitivabali/pill-moringa-root-pil-akar-kelor-primitiva-herbal-food-supplement?extParam=ivf%3Dtrue%26keyword%3Dmoringa&src=topads
Daun Kelor Bubuk Murni Moringa Powder Herbal Original Super Food,Rp8.900,Batavia Herbal Shop,Jakarta Pusat,2rb+ terjual,https://www.tokopedia.com/bataviaherbalshop/daun-kelor-bubuk-murni-moringa-powder-herbal-original-super-food?extParam=ivf%3Dfalse%26keyword%3Dmoringa&src=topads
ELORA - DAILYGLO Collagen Drink Blueberry - Paket Hemat 3 Box (36 Sachet) | Kulit Plumpy & Glowing | Bantu Redakan Jerawat | Tinggi Vitamin C | Glutathione | Daun Kelor | Minuman Kolagen Brightening & Anti Aging | Moringa,Rp379.000,Elora Beauty Store,Jakarta Barat,250+ terjual,https://www.tokopedia.com/elorabeauty/moringa-infused-collagen-drink-paket-hemat-3-box-36-sachet?extParam=ivf%3Dtrue%26keyword%3Dmoringa&src=topads
HERBILOGY Moringa Extract Powder - 100 Gr,Rp101.555,The House Of Organix,,100+ terjual,https://www.tokopedia.com/houseoforganix/herbilogy-moringa-extract-powder-100-gr?extParam=ivf%3Dfalse%26keyword%3Dmoringa%26search_id%3D20250308182847AD077EC5A068CB0CA4BS%26src%3Dsearch
Daun Kelor Kering 500 Gram Moringa,Rp15.500,Nunik148,Kab. Blora,40+ terjual,https://www.tokopedia.com/nunik148/daun-kelor-kering-500-gram-moringa?extParam=ivf%3Dfalse%26keyword%3Dmoringa%26search_id%3D20250308182847AD077EC5A068CB0CA4BS%26src%3Dsearch
Serbuk Daun Kelor 350 Gram | Moringa Powder Safiya Herbal Original,Rp12.500,Alkahfistr,Jakarta Barat,1rb+ terjual,https://www.tokopedia.com/alkahfistr/serbuk-daun-kelor-350-gram-moringa-powder-safiya-herbal-original-100-gr-5c714?extParam=ivf%3Dfalse%26keyword%3Dmoringa%26search_id%3D20250308182847AD077EC5A068CB0CA4BS%26src%3Dsearch
Daun Kelor Bubuk / Moringa Leaves Powder (1 kilogram) by Granology,Rp35.900,Granology,Jakarta Utara,250+ terjual,https://www.tokopedia.com/granologystore/daun-kelor-bubuk-moringa-leaves-powder-1-kilogram-by-granology?extParam=ivf%3Dfalse%26keyword%3Dmoringa%26search_id%3D20250308182847AD077EC5A068CB0CA4BS%26src%3Dsearch
Moringa Powder Bubuk Daun Kelor Organik Daribumi Premium Pure Organic,Rp49.500,Happiness-Food,Makassar,20 terjual,https://www.tokopedia.com/happiness-food/moringa-powder-bubuk-daun-kelor-organik-daribumi-premium-pure-organic-400-gr-11815?extParam=ivf%3Dfalse%26keyword%3Dmoringa%26search_id%3D20250308182847AD077EC5A068CB0CA4BS%26src%3Dsearch
Paket Bundling: Kelor Energizer |  Biskuit Sehat (Healthy Sorghum Raisin) + Teh Kelor (Moringa Drip Tea) |Brand : La Moringa,Rp130.767,La Moringa Indonesia,Jakarta Selatan,19 terjual,https://www.tokopedia.com/lamoringa/paket-bundling-kelor-energizer-biskuit-sehat-healthy-sorghum-raisin-teh-kelor-moringa-drip-tea-brand-la-moringa?extParam=ivf%3Dtrue%26keyword%3Dmoringa&src=topads
The Body Shop Moringa Body Lotion 200ml,Rp319.000,The Body Shop Indonesia,Tangerang Selatan,250+ terjual,https://www.tokopedia.com/tbs-official/the-body-shop-moringa-body-lotion-200ml?extParam=ivf%3Dfalse%26keyword%3Dmoringa&src=topads
Moringa Pandanus Ginger Minuman Sehat Instan Kelor Jahe Pandan Premium,Rp75.000,Moringa Organik Indonesia Official,Kab. Blora,60+ terjual,https://www.tokopedia.com/kelorina/moringa-pandanus-ginger-minuman-sehat-instan-kelor-jahe-pandan-premium?extParam=ivf%3Dfalse%26keyword%3Dmoringa&src=topads
Seven Bika Herbs Pure Moringa Jahe Merah Organic 100 Gr,Rp54.800,SEVEN BIKA,Jakarta Barat,24 terjual,https://www.tokopedia.com/seven-bika/seven-bika-herbs-pure-moringa-jahe-merah-organic-100-gr?extParam=ivf%3Dfalse%26keyword%3Dmoringa&src=topads
KUNARE Moringa Kaffir Natural Soap ( Sabun Kelor Jeruk Purut ),Rp35.000,KUNARE,Jakarta Barat,30+ terjual,https://www.tokopedia.com/kunare/kunare-moringa-kaffir-natural-soap-sabun-kelor-jeruk-purut?extParam=ivf%3Dfalse%26keyword%3Dmoringa&src=topads
Daun Kelor segar 150 gr Moringa leaves,Rp8.700,KAYLA handmade & organic,Tangerang,100+ terjual,https://www.tokopedia.com/kaylahandmade/daun-kelor-segar-150-gr-moringa-leaves?extParam=ivf%3Dfalse%26keyword%3Dmoringa%26search_id%3D20250308182847AD077EC5A068CB0CA4BS%26src%3Dsearch
AEKYUNG SHOWERMATE BOTANIC TERRACE MORINGA BODY WASH 500ML,Rp99.900,World Food,Jakarta Utara,3 terjual,https://www.tokopedia.com/worldfood-1/aekyung-showermate-botanic-terrace-moringa-body-wash-500ml?extParam=ivf%3Dfalse%26keyword%3Dmoringa%26search_id%3D20250308182847AD077EC5A068CB0CA4BS%26src%3Dsearch
Moringa Oil 100% Murni |Minyak Biji Kelor Carrier Oil 30ml,Rp33.800,Morifa Official,Jakarta Barat,100+ terjual,https://www.tokopedia.com/morifa-official/moringa-oil-100-murni-minyak-biji-kelor-carrier-oil-30ml-10ml-7f29f?extParam=ivf%3Dfalse%26keyword%3Dmoringa%26search_id%3D20250308182847AD077EC5A068CB0CA4BS%26src%3Dsearch
Pro Moringa Kapsul Ekstrak Daun Kelor Ash-Shihhah Herbal Antioksidan,Rp21.000,Garasi_Herbal,Kab. Bekasi,14 terjual,https://www.tokopedia.com/garasi-herbal/pro-moringa-kapsul-ekstrak-daun-kelor-ash-shihhah-herbal-antioksidan?extParam=ivf%3Dfalse%26keyword%3Dmoringa%26search_id%3D20250308182847AD077EC5A068CB0CA4BS%26src%3Dsearch
FRESHBYT Natural Toothpaste - Pasta Gigi Natural Fresh Mint & Lemon Moringa,Rp35.000,Tiga Lab Official,Jakarta Utara,100+ terjual,https://www.tokopedia.com/tigalab/freshbyt-natural-toothpaste-pasta-gigi-natural-fresh-mint-lemon-moringa-lemon-moringa-a7aa2?extParam=ivf%3Dfalse%26keyword%3Dmoringa%26search_id%3D20250308182847AD077EC5A068CB0CA4BS%26src%3Dsearch
KELORINA - ROYAL MORINGA POWDER - Tepung Daun Kelor halus Mesh2,Rp85.000,Moringa Organik Indonesia Official,Kab. Blora,250+ terjual,https://www.tokopedia.com/kelorina/kelorina-royal-moringa-powder-tepung-daun-kelor-halus-mesh2-250-gram-e6b25?extParam=ivf%3Dfalse%26keyword%3Dmoringa%26search_id%3D20250308182847AD077EC5A068CB0CA4BS%26src%3Dsearch
BIJI KELOR BERSAYAP MORINGA SEED WING ORGANIK KUALITAS EKSPOR,Rp8.000,MORINGA LIVING OFFICIAL STORE,Jakarta Barat,24 terjual,https://www.tokopedia.com/moringaliving/biji-kelor-bersayap-moringa-seed-wing-organik-kualitas-ekspor-50gram?extParam=ivf%3Dfalse%26keyword%3Dmoringa%26search_id%3D20250308182847AD077EC5A068CB0CA4BS%26src%3Dsearch
Tepung Daun Kelor kemasan 1 KG/Bubuk Daun Kelor 1 KG/Daun MORINGA 1 KG,Rp5.700,Ommah Tepung Organik,Kab. Bantul,30+ terjual,https://www.tokopedia.com/omahtepungorganik/tepung-daun-kelor-kemasan-1-kg-bubuk-daun-kelor-1-kg-daun-moringa-1-kg-50-gram-212a3?extParam=ivf%3Dfalse%26keyword%3Dmoringa%26search_id%3D20250308182847AD077EC5A068CB0CA4BS%26src%3Dsearch
Daun Kelor Moringa Bubuk Premium Pure Organic Cegah Kolesterol Alami Organik Dari Bumi Poty,Rp31.900,POTY Official,Malang,40+ terjual,https://www.tokopedia.com/potyofficial/daun-kelor-moringa-bubuk-premium-pure-organic-cegah-kolesterol-alami-organik-dari-bumi-poty?extParam=ivf%3Dfalse%26keyword%3Dmoringa%26search_id%3D20250308182847AD077EC5A068CB0CA4BS%26src%3Dsearch
Dari Bumi Paket Bundling Moricle  2 Pcs Twin Pack Moringa Latte 200 Gram,Rp66.000,daribumiofficial,Jakarta Barat,16 terjual,https://www.tokopedia.com/daribumiofc/dari-bumi-paket-bundling-moricle-2-pcs-twin-pack-moringa-latte-200-gram-1730770879810537255?extParam=ivf%3Dtrue%26keyword%3Dmoringa%26search_id%3D20250308182847AD077EC5A068CB0CA4BS%26src%3Dsearch
ONOAKE EKSTRAK - MORINGA OLEIFERA - 1 BOX @30 KAPSUL,Rp144.800,SUMBER MAKMUR PT,,50+ terjual,https://www.tokopedia.com/sumbermakmurpt/onoake-ekstrak-moringa-oleifera-1-box-30-kapsul?extParam=ivf%3Dfalse%26keyword%3Dmoringa&src=topads
Ekstrak Daun Kelor Moringa - 500 mg - 60 Capsules,Rp84.000,HERBAHOLIC.ID,Jakarta Timur,100+ terjual,https://www.tokopedia.com/herbaholic/ekstrak-daun-kelor-moringa-500-mg-60-capsules?extParam=ivf%3Dfalse%26keyword%3Dmoringa&src=topads
Herbal Essences Shampoo Bio Renew Golden Moringa 400 ml - Paket isi 3,Rp310.000,P&G Official Store,Jakarta Timur,250+ terjual,https://www.tokopedia.com/pgofficialstore/herbal-essences-shampoo-bio-renew-golden-moringa-400-ml-paket-isi-3?extParam=ivf%3Dfalse%26keyword%3Dmoringa&src=topads
Evershine Moringa Advance Tonic Essence,Rp129.000,Evershine Official,Jakarta Barat,30+ terjual,https://www.tokopedia.com/evershine/evershine-moringa-advance-tonic-essence?extParam=ivf%3Dfalse%26keyword%3Dmoringa&src=topads
Bali Pure Bubuk Kelor - Moringa 100 gram Organik,Rp45.000,Bali Pure Official,Kab. Buleleng,11 terjual,https://www.tokopedia.com/balipure-official/bali-pure-bubuk-kelor-moringa-100-gram-organik?extParam=ivf%3Dfalse%26keyword%3Dmoringa&src=topads
The Body Shop Moringa Body Lotion 200ml,Rp319.000,The Body Shop Indonesia,Tangerang Selatan,250+ terjual,https://www.tokopedia.com/tbs-official/the-body-shop-moringa-body-lotion-200ml?extParam=ivf%3Dfalse%26keyword%3Dmoringa%26search_id%3D20250308182847AD077EC5A068CB0CA4BS%26src%3Dsearch
Flozindo Moringa Seeds / Biji Kelor Organik Kwalitas Export,Rp18.905,Flozindo,Kab. Banyumas,250+ terjual,https://www.tokopedia.com/flozindo/flozindo-moringa-seeds-biji-kelor-organik-kwalitas-export-100gr-fd370?extParam=ivf%3Dfalse%26keyword%3Dmoringa%26search_id%3D20250308182847AD077EC5A068CB0CA4BS%26src%3Dsearch
Daun Kelor Moringa Bubuk Dari Bumi Serbuk Kelor Organik,Rp46.500,Kurma Alif_NEW,Jakarta Barat,4rb+ terjual,https://www.tokopedia.com/kurma-alif/daun-kelor-moringa-bubuk-dari-bumi-serbuk-kelor-organik-1730329100637013465?extParam=ivf%3Dfalse%26keyword%3Dmoringa%26search_id%3D20250308182847AD077EC5A068CB0CA4BS%26src%3Dsearch
SERBUK DAUN KELOR MORINGA BUBUK ORIGINAL SAFIYA HERBAL,Rp26.000,IDRISSTORE_,Medan,16 terjual,https://www.tokopedia.com/idrisstore-1/serbuk-daun-kelor-moringa-bubuk-original-safiya-herbal-250-gram-c1ea0?extParam=ivf%3Dfalse%26keyword%3Dmoringa%26search_id%3D20250308182847AD077EC5A068CB0CA4BS%26src%3Dsearch
MINYAK BIJI KELOR BPOM - MORINGA SEED OIL 30 ML BPOM - HALAL ORIGINAL,Rp55.000,Dening Alam Pure Oil,Tangerang Selatan,250+ terjual,https://www.tokopedia.com/deningalampureoil/minyak-biji-kelor-bpom-moringa-seed-oil-30-ml-bpom-halal-original?extParam=ivf%3Dfalse%26keyword%3Dmoringa%26search_id%3D20250308182847AD077EC5A068CB0CA4BS%26src%3Dsearch
Serbuk Kelor Murni Bubuk Kelor Original Moringa Powder Halus 100 gram,Rp9.000,MORINGA LIVING OFFICIAL STORE,Jakarta Barat,100+ terjual,https://www.tokopedia.com/moringaliving/serbuk-kelor-murni-bubuk-kelor-original-moringa-powder-halus-100-gram-40-gram-4db55?extParam=ivf%3Dfalse%26keyword%3Dmoringa%26search_id%3D20250308182847AD077EC5A068CB0CA4BS%26src%3Dsearch
"Naturebell Moringa Oleifera 8,000mg - 240 Capsules-Non-GMO,Gluten Free",Rp650.000,heavenlyvitamin,Jakarta Barat,60+ terjual,https://www.tokopedia.com/heavenlyvitamin/naturebell-moringa-oleifera-8-000mg-240-capsules-non-gmo-gluten-free?extParam=ivf%3Dfalse%26keyword%3Dmoringa%26search_id%3D20250308182847AD077EC5A068CB0CA4BS%26src%3Dsearch
Benih Bibit Biji KELOR (Moringa Oleifera) Kualitas Kering di Pohon,Rp100,Anak Pohon,Kab. Sleman,10rb+ terjual,https://www.tokopedia.com/anakpohon/benih-bibit-biji-kelor-moringa-oleifera-kualitas-kering-di-pohon?extParam=ivf%3Dfalse%26keyword%3Dmoringa%26search_id%3D20250308182847AD077EC5A068CB0CA4BS%26src%3Dsearch
Moringa Daun Kelor by Keluarga Rimpang,Rp10.000,Keluarga Rimpang Official,Bekasi,250+ terjual,https://www.tokopedia.com/keluargarimpang/moringa-daun-kelor-by-keluarga-rimpang-refill-d1401?extParam=ivf%3Dfalse%26keyword%3Dmoringa%26search_id%3D20250308182847AD077EC5A068CB0CA4BS%26src%3Dsearch
ETAWANESIA ETAWA BIRU Susu Kambing Etawa Platinum + Ekstrak Moringa Folium Daun Kelor 1 BOX 200gr Suplemen Kesehatan Tulang Sendi Pernafasan Paru-paru Bumil Busui Gerd Friendly BPOM HALAL,Rp80.000,SuperFit Store,Medan,11 terjual,https://www.tokopedia.com/superfitstore888/etawanesia-etawa-biru-susu-kambing-etawa-platinum-ekstrak-moringa-folium-daun-kelor-1-box-200gr-suplemen-kesehatan-tulang-sendi-pernafasan-paru-paru-bumil-busui-gerd-friendly-bpom-halal-1-box-870e7?extParam=ivf%3Dfalse%26keyword%3Dmoringa%26search_id%3D20250308182847AD077EC5A068CB0CA4BS%26src%3Dsearch
[BUY 1 GET 1 ] Elora Beau Brightening Facial Wash - With Moringa Extract | Niacinamide,Rp180.000,Elora Beauty Store,Jakarta Barat,30+ terjual,https://www.tokopedia.com/elorabeauty/buy-1-get-1-elora-brightening-facial-wash-paket-kecantikan-pembersih-wajah-facewash-anti-jerawat-anti-kusam?extParam=ivf%3Dfalse%26keyword%3Dmoringa&src=topads
GMEELAN KO.BALM Pembersih Mild Ceramide 40g Biji Moringa,Rp89.000,GMEELAN,Kab. Tangerang,8 terjual,https://www.tokopedia.com/gmeelan-official-shop/gmeelan-ko-balm-pembersih-mild-ceramide-40g-biji-moringa?extParam=ivf%3Dtrue%26keyword%3Dmoringa&src=topads
Elora Beau Brightening Moisturizer - With Moringa Extract | Niacinamide | Hyaluronic Acid| Pelembab Wajah Whitening | Kulit Glowing,Rp69.000,Elora Beauty Store,Jakarta Barat,250+ terjual,https://www.tokopedia.com/elorabeauty/elora-beau-brightening-moisturizer-with-moringa-extract-30gr?extParam=ivf%3Dfalse%26keyword%3Dmoringa&src=topads
Safiya Moringa Latte Bubuk Minuman Daun Kelor 200 Gram,Rp28.990,Safiya Food Official,Jakarta Barat,50+ terjual,https://www.tokopedia.com/safiyafood/safiya-moringa-latte-bubuk-minuman-daun-kelor-200-gram?extParam=ivf%3Dtrue%26keyword%3Dmoringa&src=topads
Moringa Super - Drink Tinggi Protein 1 Box (12 Sachet) | Susu Sereal Rasa Cokelat | Minuman Whey Protein | Minuman Soy & Oat Rasa Dark Chocolate | Minuman Sehat Jaga Imun | Minuman Sehat Untuk Sarapan | Meal Replacement,Rp213.000,Elora Beauty Store,Jakarta Barat,1rb+ terjual,https://www.tokopedia.com/elorabeauty/moringa-super-drink-tinggi-protein-1-box-12-sachet-susu-sereal-rasa-cokelat-minuman-whey-protein-minuman-soy-oat-rasa-dark-chocolate-minuman-sehat-jaga-imun-minuman-sehat-untuk-sarapan-meal-replacement-1729583363567421717?extParam=ivf%3Dfalse%26keyword%3Dmoringa&src=topads
KUNDAL Hair Serum Acacia Moringa (Made in Korea) 100ml,Rp119.000,Kundal Official,Kab. Bekasi,500+ terjual,https://www.tokopedia.com/kundalofficial/kundal-hair-serum-acacia-moringa-made-in-korea-100ml?extParam=ivf%3Dfalse%26keyword%3Dmoringa%26search_id%3D20250308182847AD077EC5A068CB0CA4BS%26src%3Dsearch
The Body Shop Moringa Hair Mist 100ml,Rp179.000,SEV CITRA,Jakarta Barat,14 terjual,https://www.tokopedia.com/sevshop/the-body-shop-moringa-hair-mist-100ml?extParam=ivf%3Dfalse%26keyword%3Dmoringa%26search_id%3D20250308182847AD077EC5A068CB0CA4BS%26src%3Dsearch
KUNDAL Hair Treatment Acacia Moringa (Made in Korea) 500ml,Rp119.000,Kundal Official,Kab. Bekasi,750+ terjual,https://www.tokopedia.com/kundalofficial/kundal-hair-treatment-acacia-moringa-made-in-korea-500ml?extParam=ivf%3Dtrue%26keyword%3Dmoringa%26search_id%3D20250308182847AD077EC5A068CB0CA4BS%26src%3Dsearch
Pro Moringa Kapsul Ekstrak Daun Kelor Ash-Shihhah Herbal Antioksidan,Rp18.000,Noe Online Shop,Kab. Sukoharjo,5rb+ terjual,https://www.tokopedia.com/noe-shop/pro-moringa-kapsul-ekstrak-daun-kelor-ash-shihhah-herbal-antioksidan?extParam=ivf%3Dfalse%26keyword%3Dmoringa%26search_id%3D20250308182847AD077EC5A068CB0CA4BS%26src%3Dsearch
Tanaman moringa / kelor afrika,Rp1.250.000,Nuansa Taman Baru16,Kab. Bogor,3 terjual,https://www.tokopedia.com/nuansatamanbaru16/tanaman-moringa-kelor-afrika?extParam=ivf%3Dfalse%26keyword%3Dmoringa%26search_id%3D20250308182847AD077EC5A068CB0CA4BS%26src%3Dsearch
Moringa Powder 250 gram Bubuk Daun Kelor Authentic Safiya Food,Rp24.990,Safiya Food Official,Jakarta Barat,500+ terjual,https://www.tokopedia.com/safiyafood/moringa-powder-250-gram-bubuk-daun-kelor-authentic-safiya-food?extParam=ivf%3Dtrue%26keyword%3Dmoringa%26search_id%3D20250308182847AD077EC5A068CB0CA4BS%26src%3Dsearch
BUBUK DAUN KELOR 250G DAUN KELOR ORGANIK SERBUK PREMIUM SUPER HALUS BUBUK POWDER MORINGA 100% ORIGINAL PURE ORGANIC NUTRIFARM / BEORGANIK / DARI BUMI / SAFIYA / GALLEO,Rp31.500,Naturlife Indonesia Official,Bogor,30+ terjual,https://www.tokopedia.com/naturlifeindonesia/bubuk-daun-kelor-250g-daun-kelor-organik-serbuk-premium-super-halus-bubuk-powder-moringa-100-original-pure-organic-nutrifarm-beorganik-dari-bumi-safiya-galleo?extParam=ivf%3Dfalse%26keyword%3Dmoringa%26search_id%3D20250308182847AD077EC5A068CB0CA4BS%26src%3Dsearch
pohon moringa afrika,Rp38.000.000,novel flora,Kab. Bogor,,https://www.tokopedia.com/novelflora/pohon-moringa-afrika?extParam=ivf%3Dfalse%26keyword%3Dmoringa%26search_id%3D20250308182847AD077EC5A068CB0CA4BS%26src%3Dsearch
MORINGA POWDER/SERBUK DAUN KELOR 500GR,Rp35.000,Pesona Green,Depok,100+ terjual,https://www.tokopedia.com/pesonagreen/moringa-powderserbuk-daun-kelor-500gr?extParam=ivf%3Dfalse%26keyword%3Dmoringa%26search_id%3D20250308182847AD077EC5A068CB0CA4BS%26src%3Dsearch
Bibit Daun Kelor Pohon Kelor Tanaman Kelor Moringa Oleifera,Rp3.500,ORIGINAL FLORA,Bekasi,3rb+ terjual,https://www.tokopedia.com/originalflora/bibit-daun-kelor-pohon-kelor-tanaman-kelor-moringa-oleifera?extParam=ivf%3Dfalse%26keyword%3Dmoringa%26search_id%3D20250308182847AD077EC5A068CB0CA4BS%26src%3Dsearch
Moringa Oleifera | Tanaman Herbal Pohon Kelor Tinggal Petik,Rp25.000,Plantisme,Jakarta Timur,30+ terjual,https://www.tokopedia.com/plantismeid/moringa-oleifera-tanaman-herbal-pohon-kelor-tinggal-petik?extParam=ivf%3Dfalse%26keyword%3Dmoringa%26search_id%3D20250308182847AD077EC5A068CB0CA4BS%26src%3Dsearch
Pohon Kelor / Moringa - Bibit tanaman hidup,Rp85.000,iplant,Batu,23 terjual,https://www.tokopedia.com/iplant/pohon-kelor-moringa-bibit-tanaman-hidup?extParam=ivf%3Dfalse%26keyword%3Dmoringa%26search_id%3D20250308182847AD077EC5A068CB0CA4BS%26src%3Dsearch
Natur Shampo Shampoo Moringa 140ML - 270ML,Rp23.800,Mega Beauty Fashindo,Kab. Tangerang,100+ terjual,https://www.tokopedia.com/megabeautyf/natur-shampo-shampoo-moringa-140ml-270ml-shampoo-moringa-140ml?extParam=ivf%3Dfalse%26keyword%3Dmoringa%26search_id%3D20250308182847AD077EC5A068CB0CA4BS%26src%3Dsearch
"Biji Kelor Kupas Premium, Kernel Biji Kelor, Moringa Seed Kernel",Rp11.000,MORINGA LIVING OFFICIAL STORE,Jakarta Barat,70+ terjual,https://www.tokopedia.com/moringaliving/biji-kelor-kupas-premium-kernel-biji-kelor-moringa-seed-kernel-50gram-c9cfd?extParam=ivf%3Dfalse%26keyword%3Dmoringa%26search_id%3D20250308182847AD077EC5A068CB0CA4BS%26src%3Dsearch
Bubuk Daun Kelor / Moringa Powder Timurasa - 225gr,Rp37.380,TIMURASA INDONESIA,Jakarta Selatan,500+ terjual,https://www.tokopedia.com/timurasaindonesi/bubuk-daun-kelor-moringa-powder-timurasa-225gr?extParam=ivf%3Dfalse%26keyword%3Dmoringa%26search_id%3D20250308182847AD077EC5A068CB0CA4BS%26src%3Dsearch
The Body Shop Moringa Shampoo 250ml,Rp199.000,The Body Shop Indonesia,Tangerang Selatan,500+ terjual,https://www.tokopedia.com/tbs-official/the-body-shop-moringa-shampoo-250ml?extParam=ivf%3Dfalse%26keyword%3Dmoringa%26search_id%3D20250308182847AD077EC5A068CB0CA4BS%26src%3Dsearch
"WAKABA Superfood Moringa Leaf , Nutrisi Kesehetan Turunkan Gula darah - 150gr",Rp95.000,Organium,Jakarta Barat,20 terjual,https://www.tokopedia.com/organium/wakaba-superfood-moringa-leaf-nutrisi-kesehetan-turunkan-gula-darah-150gr?extParam=ivf%3Dfalse%26keyword%3Dmoringa%26search_id%3D20250308182847AD077EC5A068CB0CA4BS%26src%3Dsearch
Evershine Multipurpose Moringa Soothing Gel,Rp200.000,Evershine Official,Jakarta Barat,100+ terjual,https://www.tokopedia.com/evershine/evershine-multipurpose-moringa-soothing-gel?extParam=ivf%3Dtrue%26keyword%3Dmoringa%26search_id%3D20250308182847AD077EC5A068CB0CA4BS%26src%3Dsearch
Daun Kelor segar Moringa Moillifera Miracle leaves,Rp5.500,WHITE DOVE,Surabaya,90+ terjual,https://www.tokopedia.com/whitedoveonline/daun-kelor-segar-moringa-moillifera-miracle-leaves-tanpa-sortir-de73b?extParam=ivf%3Dfalse%26keyword%3Dmoringa%26search_id%3D20250308182847AD077EC5A068CB0CA4BS%26src%3Dsearch
Teh daun Kelor seduh curah herbal moringa Asli original,Rp14.500,propolis jakarta,Jakarta Timur,1rb+ terjual,https://www.tokopedia.com/herbalpropolis/teh-daun-kelor-seduh-curah-herbal-moringa-asli-original-celup-kelor?extParam=ivf%3Dfalse%26keyword%3Dmoringa%26search_id%3D20250308182847AD077EC5A068CB0CA4BS%26src%3Dsearch
Earth Love Life Javanese Moringa & Balinese Starfruit Body Wash 250Ml,Rp60.000,Guardian Official Store,Kab. Bekasi,70+ terjual,https://www.tokopedia.com/guardian-officia/earth-love-life-javanese-moringa-balinese-starfruit-body-wash-250ml?extParam=ivf%3Dfalse%26keyword%3Dmoringa%26search_id%3D20250308182847AD077EC5A068CB0CA4BS%26src%3Dsearch
Paket Bundling: Kelor Energizer |  Biskuit Sehat (Healthy Sorghum Raisin) + Teh Kelor (Moringa Drip Tea) |Brand : La Moringa,Rp130.767,La Moringa Indonesia,Jakarta Selatan,19 terjual,https://www.tokopedia.com/lamoringa/paket-bundling-kelor-energizer-biskuit-sehat-healthy-sorghum-raisin-teh-kelor-moringa-drip-tea-brand-la-moringa?extParam=ivf%3Dfalse%26keyword%3Dmoringa%26search_id%3D20250308182847AD077EC5A068CB0CA4BS%26src%3Dsearch
[BONUS PARFUM SAAT LIVE] Moringa Dari Inspired Parfum Bandung,Rp83.000,INspired Parfum bandung,Bandung,70+ terjual,https://www.tokopedia.com/zahradila/bonus-parfum-saat-live-moringa-dari-inspired-parfum-bandung-55ml-super-premium-b026e?extParam=ivf%3Dfalse%26keyword%3Dmoringa%26search_id%3D20250308182847AD077EC5A068CB0CA4BS%26src%3Dsearch
Kapsul Ekstrak Daun Kelor Moringa Isi 500mg @500mg - Resmi BPOM,Rp34.000,Sumber & Waras,Surabaya,100+ terjual,https://www.tokopedia.com/sumberwarassehat/kapsul-ekstrak-daun-kelor-moringa-isi-500mg-500mg-resmi-bpom?extParam=ivf%3Dfalse%26keyword%3Dmoringa%26search_id%3D20250308182847AD077EC5A068CB0CA4BS%26src%3Dsearch
Moringa Oleifera 300 Capsules Naturama,Rp288.500,Naturama Herb,Jakarta Selatan,27 terjual,https://www.tokopedia.com/naturamaherb/moringa-oleifera-300-capsules-naturama?extParam=ivf%3Dfalse%26keyword%3Dmoringa%26search_id%3D20250308182847AD077EC5A068CB0CA4BS%26src%3Dsearch
DAUN KELOR BUBUK 50 GRAM 140 GRAM PREMIUM ORIGINAL ASLI MORINGA LEAVES POWDER ORGANIK MURNI BUMBU MASAKAN,Rp11.000,Nutrifarm Official,Kab. Tangerang,250+ terjual,https://www.tokopedia.com/nutrimartofficial/daun-kelor-bubuk-50-gram-140-gram-premium-original-asli-moringa-leaves-powder-organik-murni-bumbu-masakan-50-gram-7f4c1?extParam=ivf%3Dfalse%26keyword%3Dmoringa%26search_id%3D20250308182847AD077EC5A068CB0CA4BS%26src%3Dsearch
Evershine Moringa Gentle Body Wash - Sabun Mandi Anti Jerawat Badan,Rp200.000,Evershine Official,Jakarta Barat,50+ terjual,https://www.tokopedia.com/evershine/evershine-moringa-gentle-body-wash-sabun-mandi-anti-jerawat-badan?extParam=ivf%3Dtrue%26keyword%3Dmoringa%26search_id%3D20250308182847AD077EC5A068CB0CA4BS%26src%3Dsearch
Momsy Asi Booster Pelancar Asi MOMSY BPOM HALAL Natural Almond Moringa/Kelor Ikan Gabus Fenugreek,Rp65.000,OJ Home,Tangerang,2 terjual,https://www.tokopedia.com/chocoberry7/momsy-asi-booster-pelancar-asi-momsy-bpom-halal-natural-almond-moringa-kelor-ikan-gabus-fenugreek-momsy-isi-30-b2d58?extParam=ivf%3Dfalse%26keyword%3Dmoringa%26search_id%3D20250308182847AD077EC5A068CB0CA4BS%26src%3Dsearch
Pro Moringa - Kapsul Ekstrak Daun Kelor Original,Rp22.000,Alfa Goes,Medan,100+ terjual,https://www.tokopedia.com/alfagoes/pro-moringa-kapsul-ekstrak-daun-kelor-original?extParam=ivf%3Dfalse%26keyword%3Dmoringa%26search_id%3D20250308182847AD077EC5A068CB0CA4BS%26src%3Dsearch
De Moringa Kapsul Sari Daun Kelor,Rp35.000,Berkah Abadi020,Kab. Sumedang,23 terjual,https://www.tokopedia.com/berkahabadi020/de-moringa-kapsul-sari-daun-kelor?extParam=ivf%3Dfalse%26keyword%3Dmoringa%26search_id%3D20250308182847AD077EC5A068CB0CA4BS%26src%3Dsearch
MOSEHAT Obat Herbal Moringa Daun Kelor Habbatussauda Propolis Original,Rp225.000,Agen Mosehat,Jakarta Timur,3rb+ terjual,https://www.tokopedia.com/agen-mosehat/mosehat-obat-herbal-moringa-daun-kelor-habbatussauda-propolis-original?extParam=ivf%3Dfalse%26keyword%3Dmoringa%26search_id%3D20250308182847AD077EC5A068CB0CA4BS%26src%3Dsearch
Serbuk Daun Kelor 100 gr Bubuk Moringa Original 100 %,Rp8.800,TheHalalFoods,Kab. Tangerang,250+ terjual,https://www.tokopedia.com/thehalal/serbuk-daun-kelor-100-gr-bubuk-moringa-original-100?extParam=ivf%3Dfalse%26keyword%3Dmoringa%26search_id%3D20250308182847AD077EC5A068CB0CA4BS%26src%3Dsearch
Dari Bumi Paket Bundling Daun Kelor Bubuk Moringa 150 Gram Dan Madu Multiflora 350 Gram Raw Honey,Rp64.900,daribumiofficial,Jakarta Barat,100+ terjual,https://www.tokopedia.com/daribumiofc/dari-bumi-paket-bundling-daun-kelor-bubuk-moringa-150-gram-dan-madu-multiflora-350-gram-raw-honey?extParam=ivf%3Dfalse%26keyword%3Dmoringa%26search_id%3D20250308182847AD077EC5A068CB0CA4BS%26src%3Dsearch
Mom Uung Breastmilk Booster ASI dg Ekstrak Moringa dan Channa MomUung,Rp120.000,Rufda,Depok,750+ terjual,https://www.tokopedia.com/rufda/mom-uung-breastmilk-booster-asi-dg-ekstrak-moringa-dan-channa-momuung-isi-60pcs?extParam=ivf%3Dfalse%26keyword%3Dmoringa%26search_id%3D20250308182847AD077EC5A068CB0CA4BS%26src%3Dsearch
MORINGA TEA / TEH DAUN KELOR / SUPERFOOD MORINGA LEAVES ASI BOOSTER,Rp7.000,Seduh Pertama,Kab. Bekasi,80+ terjual,https://www.tokopedia.com/tavishamahadana/moringa-tea-teh-daun-kelor-superfood-moringa-leaves-asi-booster-10-gram?extParam=ivf%3Dfalse%26keyword%3Dmoringa%26search_id%3D20250308182847AD077EC5A068CB0CA4BS%26src%3Dsearch
PROMO HEMAT - DND MORINGA PLUS 30 KAPSUL - BANTU PENUHI NUTRISI TUBUH - ORIGINAL,Rp248.768,DND World Indonesia Official,Depok,,https://www.tokopedia.com/dndindonesiaofficial/promo-hemat-dnd-moringa-plus-30-kapsul-bantu-penuhi-nutrisi-tubuh-original-1730921080467523130?extParam=ivf%3Dfalse%26keyword%3Dmoringa&src=topads
Teh Daun Kelor Siap Seduh Moringa Tea premium,Rp18.000,Rempah Bu Risma,Kab. Bekasi,250+ terjual,https://www.tokopedia.com/rempahburisma/teh-daun-kelor-siap-seduh-moringa-tea-premium?extParam=ivf%3Dtrue%26keyword%3Dmoringa&src=topads
EARTH LOVE LIFE Javanese Moringa & Balinese Starfruit Body Wash| Sabun Mandi Cair Wangi Fragrance Premium Tahan Lama Bahan Natural Aman & Lembut di Kulit| Sabun Mandi Alami & Menyegarkan| Sabun mandi Mencerahkan,Rp71.100,Earth Love Life Official,Jakarta Selatan,100+ terjual,https://www.tokopedia.com/earthlovelife/earth-love-life-javanese-moringa-balinese-starfruit-body-wash-sabun-mandi-cair-wangi-fragrance-premium-tahan-lama-bahan-natural-aman-lembut-di-kulit-sabun-mandi-alami-menyegarkan-sabun-mandi-mencerahkan?extParam=ivf%3Dtrue%26keyword%3Dmoringa%26whid%3D15988320&src=topads
JUAL DAUN KELOR KERING PREMIUM/TEH KELOR/MORINGA TEA 500 GRAM,Rp33.500,ROSELLAKU,Surabaya,1rb+ terjual,https://www.tokopedia.com/jualtehrosella/jual-daun-kelor-kering-premium-teh-kelor-moringa-tea-500-gram?extParam=ivf%3Dtrue%26keyword%3Dmoringa&src=topads
SVA Organics Moringa Oil 4 Oz Organic 100% Pure & Natural Carrier Oil,Rp699.000,Natura Finest,Kab. Bogor,,https://www.tokopedia.com/naturafinest/sva-organics-moringa-oil-4-oz-organic-100-pure-natural-carrier-oil?extParam=ivf%3Dfalse%26keyword%3Dmoringa&src=topads
